Predicted,original
18313.22,26890.0
4966.47,
10793.44,
7910.82,17135.0
8165.78,
4494.85,
4296.11,
12224.87,
15665.51,22270.0
9465.2,
6458.35,22798.0
12890.489833333331,
10749.100833333332,
5264.06,
3683.67,8853.0
7561.292333333334,
4995.0,
6633.55,
12446.768404761906,
17391.66,11003.0
6734.96,
6799.34,
4610.84,
8752.36,26890.0
7235.88,
7141.678333333333,
7348.7,
4074.59,
4440.56,
4700.55,26890.0
10268.3,
4292.67,25735.0
9265.11,
10245.24,22270.0
14303.42,
2134.42,25735.0
13283.31,26890.0
5678.0,
15865.34,
4507.52,27992.0
9062.91,
14341.38,
4829.2,
3920.13,
13323.32,
10262.0,
10603.16,
5569.0,11934.0
10429.27,
12003.74,
13762.37,22270.0
22683.25,
9045.05,
14304.7,
4797.44,
12549.915,
9400.65,
2592.04,
12470.88,
8144.32,
6864.35,
8593.72,
16345.73,
15706.53,6565.0
5038.73,
10320.8,
11162.78,
11058.32,
9175.37,
12998.67,
4534.64,
3602.21,
8474.77,
8380.22,
3124.58,
2295.75,
5038.888666666668,21730.0
4810.82,
3714.6,
9078.43,
6308.02,14752.0
8016.0,
4075.21,
8774.51,
11942.44,
8356.67,
7064.0,
10721.689166666667,
10218.1,31825.0
11294.5,
5159.380833333334,
16502.04,
12628.72,13439.0
15622.57,23267.0
8530.38,
10578.84,16000.0
5678.0,54826.0
5806.83,
13224.66,
5380.73,
12783.01,
12352.58,7295.0
6521.91,
4724.18,36235.0
13276.82,
7236.87,
12006.06,26890.0
8021.62,21730.0
11899.05,25430.0
14614.81,
7419.64,
10044.83,
7945.17,
11063.85,
7587.404333333334,
8802.115,
9775.13,
15819.43,
5678.0,
3953.97,4622.0
10821.42,
7229.0,
3606.16,
13873.61,
13083.32,
6254.24,
5193.96,
16037.19,
3973.26,
9489.2,
11452.895,
12594.59,17345.0
13824.64,
10549.67,
4349.85,
6990.2,12371.0
8657.57,
14611.06,
7122.16,
6149.91,
9082.54,
12734.84,
3612.93,
9269.91,
13614.7,26890.0
4801.44,
10426.01,
7229.0,
13049.65,
6322.49,8153.0
8188.39,
11869.77,
12386.12,
5267.7,
3998.26,
13659.45,
8654.97,
9356.45,6092.0
4957.01,
10018.14,
4824.67,
2788.02,
4150.8,
8724.04,
8408.063333333334,
8222.03,
3138.89,
15553.1875,7718.0
4735.07,
4356.94,8707.0
12386.12,
6411.06,
3914.7,
7437.05,
13251.05,
6478.48,
3397.32,
7592.622333333334,
11835.210666666666,
11016.44,
5678.0,
9314.95,
9153.53,
8435.03,
13113.88,
4105.78,8110.0
8512.535,
4280.76,
10910.5,
11148.94,
14272.13,
14239.27,
9124.25,
3841.32,
4995.3,
4233.67,
7978.71,
6720.42,
13685.076666666668,
11437.48,
10262.0,
5054.77,
13529.68,
7561.292333333334,
14014.0,
10427.13,
6577.8,
6059.718333333332,
12596.07,
7567.6,
12906.39,4423.0
9440.94,
12380.82,
5317.42,
5678.0,
4823.0,
3951.58,7229.0
5361.06,5403.0
10384.6,
12386.12,
14380.62,
10788.23,
5839.25,12681.0
8851.91,
5678.0,
23572.0,
5920.38,
9303.7,7893.0
4610.14,
2231.2,
11816.576666666666,
4159.65,
6433.72,
3973.48,
27662.57,
19946.0275,
3650.79,
6696.97,
5391.62,
5986.56,8607.0
7229.0,
5591.9,
8401.3,
10338.678666666665,
2953.68,
11879.3,7893.0
5856.2625,
4995.64,
10199.17,14151.0
12072.14,
12876.28,
14224.29,2228.0
3560.78,8040.0
6049.41,
7320.415,
2241.62,
6278.72,
4804.55,
4510.58,
11102.48,7064.0
11858.22,
13163.32,
3767.98,
3784.61,4563.0
13158.15,
7777.14,7064.0
11937.935,
13378.88,4823.0
4804.0,
4730.3516666666665,
13357.6,
5678.0,
8001.95,
8734.48,
6136.81,8662.0
7115.09,
5413.78,
15227.9625,
13779.0,
14527.21,
10299.8,
9265.747416666665,
8707.2,
10262.0,
3822.49,
13983.31,
14631.71,7893.0
14349.66,
16623.98,
4573.32,
4818.0,7064.0
3842.42,8452.0
6921.9,7064.0
4813.95,3943.0
4060.89,
15316.65,5678.0
10214.06,
8694.75,
13884.5,
3840.48,
3905.07,
11222.56,
5292.87,
9516.76,7893.0
10702.04,9836.0
4195.49,
9026.99,
9114.99,
17655.21,
10503.296333333334,
4842.08,
10363.85,5171.0
9642.36,
3562.55,
4492.74,
6167.56,4544.0
15870.08,8849.0
13568.98,
19630.16,7064.0
3859.91,
10129.82,
13125.217650793653,7064.0
4824.67,
14776.71,
7981.03,
5108.06,
3661.93,
5177.37,
9251.36,
3546.16,
5748.34,5177.0
8945.48,
11054.45,
15290.22,9920.0
14549.1,
7114.25,12681.0
13120.97,
5310.96,
11232.99,
9391.468499999999,
11219.95,
7244.74,
7499.4,
7064.0,
8993.8,
5667.66,
2843.39,4282.0
12373.0,
10391.05,
3677.43,5176.0
12197.48,
10262.0,
8832.12,
8998.84,7770.0
2917.8,
8310.24,
10397.5,
10840.897999999997,
4892.07,
3637.63,
6127.783333333333,10308.0
18973.04,
3109.49,
5245.79,
7236.87,
3841.32,
4345.59,
7984.52,5793.0
5551.05,
10160.37,
14419.54,
15227.36,
4241.48,
3746.73,12009.0
13100.93,
4728.965666666667,
9237.29,5562.0
3829.96,
2239.6,
8561.46,2754.0
8720.62,
13272.123,7064.0
14487.2,
11108.72,
10262.0,
8249.28,
6229.6433333333325,
4699.78,
12920.17,7064.0
3092.79,
6526.56,
15559.1,
9975.98,
9342.35,4239.0
4756.78,
14295.58,
2790.25,
5214.71,
3599.6,12681.0
4145.16,5117.0
8136.26,
6984.58,
6433.82,
14094.65,
14554.669166666665,
10355.14,
8665.356333333333,
6539.46,8030.0
4268.57,3971.0
7444.51,
3341.5,4957.0
9312.8,
5604.662833333332,
10039.52,
10262.0,
12898.0,
13171.51,7064.0
12864.19,
10761.79,
3847.36,
17892.65,
15959.75,
13435.783333333333,
6389.98,
11511.67,7064.0
7029.43,
3692.49,5117.0
10396.53,12681.0
8274.3,
11508.322333333334,
12966.17,
10498.065,7064.0
9178.13,
5093.08,
5204.75,
10813.4,
13324.58,
14362.62,
12097.495,
15893.1375,8505.0
4884.14,12681.0
8878.59,
13379.69,
8000.26,
4130.11,
10326.895,
4804.0,
7267.95,12681.0
15280.208,
6149.9740833333335,
5277.0,9258.0
14102.22,
6409.32,
12386.12,
6472.24,
7898.9025,
13441.88,13227.0
10342.74,13227.0
13055.415,
10491.56,
14112.51,
10652.49,4823.0
6449.31,8542.0
9762.78,
8283.735,
3612.36,13941.0
9386.03,
5046.18,2227.0
6176.13,
3698.99,3850.0
8713.705,
13869.57,
15003.36,
12615.885,
10829.25,5192.0
12582.69,
4921.34,
7940.68,
14707.37,
5360.93,
4258.77,5192.0
6657.19,
10381.7,
3657.48,9187.0
5764.39,
8719.8,
8482.08,8355.0
4051.4,7229.0
14713.95,
7818.22,
7802.31,
3591.6,
12852.66,
10262.0,
5252.37,
12750.83,
4361.37,3210.0
5099.58,
7188.03,
12079.9,4575.0
11500.92,9314.0
9654.28,
4279.92,
14714.4,
6504.565,
4058.48,
13655.39,
14435.32,
3580.08,
10657.89,
9831.69,12121.0
3399.74,
11496.998333333335,
23575.16,5678.0
12331.0,
4846.0,
6418.075,
30527.52,
4856.57,1965.0
6403.88,
11904.770666666667,
6174.81,
3809.39,
13534.89,
11808.9,
5922.1,
7436.22,
5771.4,
4825.0,
4874.04,
11485.47,13941.0
9609.37,
7126.15,7001.0
3744.06,11467.0
12898.0,
3967.42,
12705.65,
10621.373333333335,
3522.84,
6491.79,
7176.92,
5657.42,
13914.21,3873.0
6691.59,14781.0
5802.31,
10262.0,
6990.73,
10354.21,
5969.43,
16380.08,10991.0
4282.18,
8229.19,
6040.44,
9773.59,
5705.24,10991.0
7885.72,
4284.04,
12255.17,
4820.8,
10693.71,
13098.232,
14658.22,
10682.54,14781.0
2006.86,13227.0
7504.73,
8104.46,2228.0
6410.81,
11221.962,4823.0
5427.61,8610.0
4287.45,
14402.41,
10724.69,
7709.34,
12820.42,
4167.18,
11815.7,
4937.06,4667.0
13010.2,13941.0
8136.505,
4837.47,
16104.20625,
8428.52,
10358.05,12384.0
2775.1,
9467.71,
8646.26,
7190.39,3543.0
13616.31,
3358.2,
13522.55,
7064.0,13941.0
6540.41,
7742.01,10844.0
5209.8,
9367.39,11467.0
14684.69,
6236.22,
6081.35,
14317.64,
7858.671666666666,
14527.5,
9231.04,
4926.66,
7229.0,11467.0
6984.89,
7843.4,8839.0
9776.028333333334,
5693.59,
5429.84,4030.0
13281.4,
4812.4,
4068.65,
8963.631999999998,
16308.53,
4810.23,
10893.143999999998,
10680.9,
11267.57,
3126.32,
3855.82,
6096.0,9314.0
13661.2,6857.0
15666.15,
8475.55,13899.0
10302.16,4649.0
6973.19,10991.0
6210.2,
12368.58,
5007.33,
9625.23,
13759.99,
4188.32,
11093.7,
6343.48,
4606.7,
3277.46,
14603.3,
13080.15,4804.0
9261.36,
2398.27,
4868.71,
10347.739666666666,
10268.3,
4499.662166666666,
11666.32,
7925.0,
10382.3,
7550.67,4409.0
12223.74,
8693.57,
8909.13,
3166.58,9314.0
12352.95,
10813.4,
6062.17,
14266.01,4544.0
11031.77,
6643.73,
4233.66,
10813.4,
7706.108333333333,
7064.0,
4659.49,
5808.7,
12641.64,
16210.4,
13638.1,
7751.64,
9107.38,4340.0
13842.57,
6720.33,
16775.84,
13379.35,
5260.695083333334,4804.0
5478.27,
13959.81,
12483.88,9663.0
6967.99,
4015.266666666667,
5918.5,
9751.34,
11067.18,
7254.47,
13969.69,4591.0
8518.07,
12617.73,
5311.33,
6424.19,
7136.32,
10505.244166666665,
10246.3,
8398.73,
10031.0,
9088.43,
13142.173666666667,9314.0
10492.07,
4284.43,
15096.36,
6721.54,
10813.4,
7834.43,9663.0
7744.22,
3668.43,
25752.2,
4876.25,3943.0
10527.19,6245.0
7871.68,
4753.96,
12846.4,9794.0
9515.05,
13072.16,4030.0
15116.465,
5374.26,
12379.56,10844.0
7426.909571428571,3625.0
10860.87,8366.0
17732.7,
4474.57,
3823.58,11467.0
5837.9,
3297.01,
14606.45,
6896.85,
5096.4,
4153.15,
11750.97,
6585.68,
9794.2,
6341.1,
12352.23,
14209.15,5192.0
6093.31,
10761.05,
7278.164333333333,11410.0
18027.32,
5316.35,11410.0
7229.0,8016.0
4687.2,
4172.28,10262.0
9565.39,
4891.48,
10178.15,
6564.26,6593.0
3873.53,10262.0
5899.5,
19345.25,
13733.441666666666,
16457.34,13377.0
4888.0,
5982.402833333334,
9894.293333333333,11200.0
3600.6,
5418.29,
12714.53,
6840.8,
14201.76,
6272.21,10651.0
8890.23,
16745.02,12042.0
3133.29,
7849.21,
7914.01,18275.0
11469.66,
4157.72,
4375.43,4804.0
4111.09,3175.0
12898.0,
7768.71,
4814.2,
6923.14,
12472.51,
4440.65,
7206.84,
6976.72,
11742.715,11200.0
4222.67,
8308.56,
12395.81,
10961.292761904762,
10127.08,
5861.5125,
2736.08,
5424.51,10262.0
3645.56,
2234.37,
2073.12,
12002.615166666666,
13298.48,
10276.67,3898.0
13798.28,6674.0
13745.4,
7664.22,
12401.6,
13610.5,
7707.044333333333,10441.0
3941.57,7384.0
8851.2,
4824.67,
4349.04,
14646.78,14237.0
5992.83,
5415.37,10454.0
12935.113333333335,
3873.61,
5156.46,
10786.51,
14120.25,
2024.9,
9520.21,
13968.38,14714.0
6678.57,
14073.83,
16101.9,
13438.466666666665,
12039.37,
2968.63,
1999.1,
3840.86,
3815.33,
14219.73,
7753.29,
5697.24,
4075.46,
9574.88,
11865.76,
3689.16,
7229.0,
5907.57,
10283.11,
4703.26,
16430.25,
3341.5,
11138.54,
10825.7,
4585.9,
4218.08,
5483.29,3210.0
6400.805,13377.0
5386.97,
5768.4,
6332.59,
14919.172727272728,
6471.168166666667,
7323.44,
10845.28,
6463.83,
6385.09,
12321.58,
3543.0,
3896.56,
6941.283333333334,3625.0
13733.441666666666,
4489.72,3100.0
13491.055,
14878.278333333335,
6841.88,
4373.43,4668.0
8891.214,
2781.25,
6115.11,
4835.16,
9654.28,
4837.64,
6258.28,
4804.0,
3321.79,
4052.08,5277.0
9168.24,
4259.16,
6627.44,
8110.5,
6803.99,
5477.37,3850.0
5765.116666666666,
12424.11,
6651.02,
13174.361476190477,
6174.07,
5880.51,
8062.56,
9393.48,
11328.6,
7984.52,
9016.24,3841.0
10710.97,
7088.44,
13817.0,
5632.48,
15179.65,
8455.03,
9063.32,
10498.67,
5999.28,
13763.44,
14975.65,
4855.95,10262.0
6972.25,
10262.0,
10250.19,
6301.83,
12148.11,14714.0
13996.53,
10541.02,
14695.43,
10265.15,
13061.6825,
10120.48,
7001.51,
7450.87,13587.0
16617.45,
5277.0,
3870.97,
11437.48,
12791.51,
8836.52,13014.0
6977.39,
8340.94,14714.0
9380.06,
3939.44,
5000.4,
3992.96,
10978.93,3858.0
7810.68,
12454.33,
9686.25,
8372.51,
12889.749166666665,
4846.5,10262.0
14064.33,
10192.39,
13823.36,
16470.85,
15735.48,5224.0
13129.62,
13035.72,
31485.3,
10262.0,
5288.08,9526.0
4887.73,
3845.12,
15908.62,
17404.485,
12938.12,
5446.58,
13668.41,
10864.77,
11206.37,
13145.07054761905,
10444.845,
2391.35,
4826.34,
14067.661666666667,
15621.15,14714.0
8481.5,
6414.92,
3768.0,
5010.24,
10828.7,
3895.34,10262.0
6103.07,
14528.57,6961.0
7223.48,
5977.45,
6221.57,
10368.02,
11216.36,6934.0
12076.76,
9514.61,3543.0
4193.39,
9688.04,
13317.26,6015.0
8923.47,6206.0
13699.17,
3779.97,
10291.4,
4857.68,
11071.25,
12606.288999999999,
3960.87,
9961.517333333333,
5604.662833333332,
9153.53,
6671.86,
10386.92,
13470.42,
10335.03,
5678.0,
2789.5,
4294.4,
10650.8875,
13290.21,
7974.49,
27084.09,
6851.21,11982.0
3079.0,
13966.52,
16025.4,
7273.84,
7397.165666666665,
7600.53,
3622.16,
7446.21,
7229.0,7229.0
3595.22,
16745.96,
5629.32,
4804.0,
14743.01,
7902.07,
11030.34,
10120.185,9929.0
11087.0,
6527.59,
8141.18,
10262.0,
12090.68,
15271.275,
12066.46,
7956.56,13292.0
12425.10083333333,
6549.66,6245.0
7150.53,
9273.28,7038.0
12577.62,
9370.6,
6807.035,
6674.62,7317.0
9245.185,
5678.0,
3316.38,
14343.13,
9580.59,
26421.08,
4268.16,
3584.84,
5025.39,
5829.76,
16752.84,
14028.85,
8990.74,8792.0
10999.651333333333,
4763.06,
4556.51,
5398.8,
8360.5,
10275.65,
17892.65,7229.0
10397.53,
13327.55,
11519.874999999998,
4420.65,
14738.78,
11429.27,
12855.315,
11131.15,
10042.17,
8120.24,10262.0
5230.94,
15285.47,
8294.5,
4305.41,
16743.68,
4176.15,
16885.05,
3164.41,
6749.31,
5572.47,
7290.44,
11329.59,5228.0
4811.19,
7210.02,
13063.63,12940.0
13169.531666666662,
7388.7,
5063.09,
4800.3,
13651.55,21314.0
13757.51,
8378.88,15400.0
16124.93,
10217.15,
9313.5125,
10612.79,17493.0
13235.76,
7256.71,17057.0
7992.39,
10948.94,
13901.22,18799.0
12808.85,
4271.3,
13218.05,8662.0
8250.136666666667,
14647.44,
1991.18,
6057.08,
15670.61,
3234.81,
7059.08,
10292.82,
12347.02,
3561.35,
19911.4075,
4580.12,
3882.03,8855.0
5160.18,
7229.0,
4268.98,
3599.7,17234.0
4854.4,
4823.0,
11931.158095238092,
4909.95,7646.0
6189.51,10283.0
6733.19,9400.0
8696.14,
2984.07,
10140.5,
3642.96,
14485.7,5755.0
8581.1525,
2067.46,
11275.42,4784.0
15280.91,
12488.55,7648.0
8933.98,
10047.82,
15558.05,
4804.0,
13377.44,
7229.0,
10800.63,
4245.266666666666,
3833.06,
4779.05,
7064.0,
13695.78,
15843.84,
3876.3,
7501.3,
5864.77,
16744.03,
9396.29,
8230.48,8938.0
24288.1,
9323.06,
15017.75,11349.0
13817.76,
10306.1,15135.0
9219.7225,
13888.3,8855.0
10288.36,
8566.32,
4337.27,
13065.42,
10185.43,
12396.9325,15147.0
12692.95,13628.0
4920.56,7222.0
6452.08,
6553.31,
10370.4,6781.0
9438.45,
14699.55,
5985.52,
10643.65,
7818.33,
5678.0,
5055.22,
7891.68,
10399.88,
15766.33,
12898.0,
6513.41,
4100.27,
13272.123,
21672.86,19266.0
4069.62,
3519.84,
6517.01,
6904.76,
15140.8125,9413.0
13174.18,
5602.79,
13666.385,5944.0
14978.16,
9652.26,
3498.05,
10837.9,
13196.77,14871.0
12895.17,
7793.125,9581.0
13484.26,
4419.37,
6304.13,
14919.172727272728,15288.0
4768.51,11654.0
4881.15,
5919.83,
9305.28,
7949.768333333333,17493.0
7323.38,
3853.64,
7134.39,
11727.850333333334,
13813.61,
2334.5,
6725.34,22794.0
7491.12,
3665.38,7673.0
10643.57,
3543.0,15135.0
17930.53,
8007.99,
11034.85,
6623.86,
4556.75,
6025.22,
13477.38,12599.0
8266.495,
4635.61,
14640.009333333335,
10717.44,
10262.0,
15690.55,
8000.26,7673.0
4960.95,
14384.71,
4939.19,
5035.19,
9257.05,
17210.75,
12648.376499999998,
4678.5,
13539.8,
13027.57,
13112.44,
13768.88,
11184.126,
3783.47,
10434.116666666667,
12169.38,
14555.46,
4390.74,
3862.8,
5677.62,
3656.29,8513.0
9077.98,
11078.95,14462.0
15689.38,
11116.5,
7777.38,6985.0
3956.75,
14209.22,
9120.02,7591.0
6198.15,8258.0
11904.770666666667,
7374.73,
10813.4,
11070.7,
2706.72,
11298.32,
14024.5,34503.0
3908.49,
8013.49,
4545.35,
4248.95,
4518.22,
9517.05,
11852.34,
4939.94,
18602.69,
7064.0,
4200.37,
10070.52,
4857.58,
13107.8,
5678.0,
9813.24,9027.0
13016.04,
9050.47,
8322.71,
8927.42,
13719.36,
13200.78,
16480.53,17057.0
4173.56,7648.0
8638.36,
9708.74,
10003.16,
11449.96,
11069.39,
10837.9,
5768.01,
8031.76,
16111.5,
13147.52,
2824.08,
16354.43,8855.0
14807.3,
14178.76,
10262.0,
6762.958333333334,
3841.64,
9910.02,
5710.42,
7064.0,
9722.71,
3819.07,
8960.37,
7229.0,
14331.6,4778.0
15020.8,
12537.81,
5632.695,
6599.17,
7229.0,7652.0
5255.26,
6696.172416666667,
3665.08,14973.0
11899.05,
4158.82,
9681.5,
10527.19,
10262.0,
16027.405,
3970.07,
7724.83,
14571.0,
3543.0,
13243.86,
8662.22,20747.0
6408.15,
10785.278333333335,
7898.28,
8511.94,
5533.936666666667,
13781.28,
13299.3,
12016.001666666667,
8838.21,18286.0
6470.06,
12616.75,
8434.6,
16041.0,
7234.246666666666,
6051.85,
4550.16,
14832.9,6315.0
25122.47,
10299.12,13348.0
5256.0,14153.0
4532.25,11873.0
7236.87,
4483.23,
10870.93,
7449.5,8258.0
3591.4,
4271.92,
5927.19,
8666.65,
4503.83,11791.0
4574.45,
6188.31,
7984.52,
4585.45,
4067.18,
5779.79,
2035.7,
14015.31,6251.0
13339.12,6092.0
10495.33,
3089.16,
15129.0,
13376.0,13355.0
12755.495,
12386.12,
7064.0,
17456.27,
27920.51,
4868.41,
7067.84,
5001.84,
7663.35,
5718.97,24528.0
10027.91,
5322.79,
8643.63,
6194.73,
14546.38,
4825.85,
13390.06,
10624.661666666665,
13673.05,
6278.17,2050.0
14496.59,
9363.82,
4104.052166666666,
13545.97,
7823.6,
4527.076000000001,
4427.38,
10346.995833333334,
12365.01,5073.0
2117.28,
14586.67,
10907.617619047618,
10310.67,4226.0
11326.3,
6329.47,3943.0
4686.21,
5263.270166666667,
1969.7,
3951.5,
12371.71,4107.0
7229.0,
7257.72,
8750.87,
9448.69,
13323.76,5177.0
14407.47,
10253.58,
9516.6,
9589.19,
3710.87,
15652.38,
5486.25,
7894.77,
10347.38,7229.0
3618.71,
12427.588333333333,
6564.55,
2585.0,
13768.45880952381,5177.0
6003.31,7229.0
6293.08,4107.0
7040.44,
4928.71,
3755.86,
11081.75,
10564.256666666668,
3844.72,
10550.33,4174.0
10695.81,
5507.72,
14314.54,
10325.52,
14392.43,1965.0
9980.34,
23949.18,
5779.82,
10844.0,
15517.26,
13380.29,
16245.8,4823.0
5536.19,7229.0
10905.6,
5880.08,
11087.0,
9294.97,3943.0
6444.71,
5594.28,
6056.86,
13707.28,
11964.35,
16076.6,
10872.3,
14661.12,
3756.16,
6947.53,
6256.82,
4794.03,4729.0
4550.89,
15886.627727272727,3807.0
14020.43,
8303.67,
10274.6,
4811.57,
2304.7,
10669.93,
10381.7,5021.0
6531.23,
14377.54,
15458.08,
6635.83,
7387.15,
3868.06,
8828.5,3971.0
12898.0,
3790.77,2754.0
13521.99,
10262.0,
7617.19,
10840.897999999997,
13246.075,
17641.390833333335,4823.0
14086.88,
5108.02,4098.0
13276.71,
10635.19,4647.0
26599.66,
5305.65,
15410.9625,4991.0
13336.51,
13116.39,
7711.12,
7929.23,
9033.06,
10358.53,
6230.527964285713,4823.0
10309.25,4239.0
3896.06,
9507.67,3687.0
3857.945,3841.0
13940.74,
8378.34,
15766.53,
12418.72,4995.0
9761.81,
10191.15,
5218.51,
11732.47,
13817.0,
6445.12,
12621.023333333333,4049.0
3421.86,
4055.86,
4257.5,
14530.67,
4984.13,
12221.58,
9113.84,7229.0
11982.0,
9307.41,
16435.89,
9145.05,
12902.87,
5515.59,4668.0
18030.04,
8462.89,
3684.26,
11121.77,
8800.76,
11632.68,
14702.78,4483.0
2858.19,
4878.0,
4453.45,
7229.0,
9601.89,
3875.8,
10265.15,
5746.72,
10535.3,
5992.44,
9351.62,
7132.93,
4174.0,
8466.08,
12072.36,3100.0
8521.08,
5621.763333333332,
4234.69,
13769.85,4483.0
3660.6216666666664,
2041.92,
6261.5,
8626.335,4284.0
13853.0,
6746.26,3841.0
4351.74,
5678.0,
12479.18,
10284.05,
14839.63,
13463.53,
11078.85,
6257.71,3943.0
7089.021619047619,
14556.86,4995.0
12373.0,
10844.0,
13720.17,
7229.0,
12403.58,
4959.4,3898.0
3677.58,
4414.4,
7204.4,
12461.063333333335,
10538.15,
10353.73,
6677.05,
10295.65,
10737.27,4804.0
6982.905,13377.0
10288.36,14714.0
5864.19,
11908.62,13014.0
35718.43,
11692.758666666667,13292.0
12816.82,
7756.56,
6519.33,
13717.19,
7945.52,
3426.88,
7229.0,10262.0
6484.09,
4122.38,10262.0
11899.88,
4818.71,
4764.11,
7517.89,
10305.04,
6772.73,
3768.54,
13103.46,10262.0
3161.81,10368.0
9077.55,
10490.65,
10285.555,
5119.78,
3881.8,
2147.74,5769.0
12754.24,
9557.825,
11882.560166666666,15318.0
11982.0,
5991.33,
14793.772666666668,
7026.1,
16414.25,14714.0
7676.87,
13002.0,
14447.99,10262.0
6701.17,
5862.14,
4697.4,
11020.44,
13413.74,
3986.2,
15089.99,
3884.85,
11166.5,
4072.84,
6196.21,
8143.09,
5971.71,
5189.67,
3210.0,
7645.6925,5644.0
5418.32,
9380.26,
5551.05,
5381.19,
8474.78,10577.0
12348.25,
15827.43,
7333.57,
6847.81,
5559.18,13259.0
14348.415,
7371.05,9001.0
7486.87,
14643.57,
8585.74,
9178.03,
7293.64,
4826.96,
12328.1,7514.0
8458.88,11627.0
14745.01,4823.0
13920.58,
17930.53,
7229.0,
9067.3,
10262.0,
14069.98,
6448.74,
7780.18,
4220.85,
11853.18,
22527.79,
8367.1,4878.0
14607.17,8603.0
6658.39,
4771.02,
3863.09,
7229.0,12173.0
4097.94,
4010.2,
5091.02,7038.0
4107.88,5769.0
7859.69,
15459.7075,
11814.32,
7832.0,
8998.8,
4542.31,
6437.3,
12403.88,
6296.79,
6882.59,2017.0
12535.52,14714.0
12474.275,
5872.2,
3576.42,
10817.341833333336,
10561.98,
8438.59,
2204.85,6015.0
8437.49,
13020.58,
7229.0,10262.0
5306.32,
4804.0,
17648.16,
9630.185,
8949.28,6442.0
10311.28,
4049.0,
9835.48,
1970.76,3597.0
4824.61,
8256.194500000001,
12076.01,
13250.83,
14052.93,
14044.6,
11708.66,
13064.75,4049.0
10585.7,7514.0
17657.89,6104.0
5367.745,
8404.63,
4988.11,
10844.0,
6902.18,
5678.0,
6403.71,
12155.735,10877.0
8505.61,
4804.0,
8692.934000000001,
7254.69,13381.0
13095.563333333335,
5947.64,7740.0
10284.1,14714.0
6009.88,
14076.56,
8605.0,
4909.34,
6185.08,
9999.39,
7247.39,
13680.05,
17150.29,
7244.74,
10178.72,6842.0
5920.18,
8707.62,6478.0
4157.93,
12898.0,
12646.6,
13857.36,
13787.9,
2420.84,13587.0
4179.735333333333,
5079.19,12402.0
5030.8,
4823.0,
1995.96,
6553.42,
9648.87,
4728.26,
12928.143333333335,3943.0
13979.35,
6882.62,
5632.48,
8922.896666666667,
12898.0,3419.0
3743.07,
6696.172416666667,
3978.34,5678.0
4148.3,
6886.05,5769.0
4138.3,14714.0
11911.985666666667,
13475.03,
9649.82,
6342.66,
3869.28,6416.0
15794.39,
13413.73,4282.0
4058.87,
7550.48,5636.0
8072.5,
3942.99,
3484.35,
10176.86,
7456.32,
9347.42,
6799.43,
4902.15,4049.0
6683.94,
15344.1,12402.0
12898.0,
7422.15,11627.0
22972.13,
13087.46,
4076.05,
3320.29,
12734.47,
6217.48,
5955.1,
5631.9,
10189.9,
12426.4975,
11067.18,
8614.4,
13064.97,
7022.36,
7058.05,
16733.92,
4641.07,
4795.25,13377.0
7634.57,
6993.056666666667,
10286.9,
7396.83,
14745.3,
14359.94,
3182.79,
17121.13,4591.0
16214.7,
10285.61,10262.0
12459.83,
4758.75,
13767.21,
4787.72,
16903.97,
9644.31,
17431.24,
3888.14,
10429.65,
9149.5,
10199.31,
1966.56,
7919.21,
5782.58,
5835.47,
5678.0,11507.0
11777.9,
2381.53,
6266.01,
13662.9825,
3802.3,
5401.05,
3744.81,
9931.480833333333,
10351.324166666667,
3903.2,
4046.66,6795.0
4277.04,
7776.58,14714.0
13276.71,
14018.329166666665,
5982.402833333334,
12379.56,
11054.45,
10274.28,11753.0
12829.74,
3091.29,
6184.97,
12512.67,
13378.123833333333,
12085.97,
9204.1,11410.0
10593.624916666668,
5277.0,
12379.56,8099.0
5896.61,
21303.2,
8706.0,10877.0
10511.04,
6410.13,4804.0
6259.52,14714.0
9033.02,
16186.27,
18177.37,
4668.0,
4589.32,6934.0
4824.67,
9345.72,
11230.397833333333,
8707.29,
11473.72,
7064.0,
3996.9,
10262.0,
8072.375,
8766.87,
15168.43,
6227.86,
9810.36,
3640.2,10577.0
18403.45,
6173.61,
12894.91,
6311.0,
12446.768404761906,
14803.55,
12373.0,
3451.44,
4801.9,
6164.4,6628.0
12849.95,
8300.13,
3741.43,
6307.86,
4713.66,
14218.7,9001.0
3666.5,
9802.65,5678.0
6341.8,
13186.28,
14697.47,
9898.4415,
4825.31,
9878.02,
10990.83,
5291.46,
4119.87,
14207.556833333334,
6518.61,
7998.6,6113.0
7390.33,
8812.53,
11063.85,
4832.12,
10074.08,
13365.61,3782.0
3644.0,
12299.77,
10831.108333333335,
12843.87,
10380.65,
6460.9,
14294.22,
13720.14,
4174.0,9134.0
4042.62,
7480.33,6136.0
12329.87416666667,6111.0
3612.24,6138.0
10954.319166666664,
15348.04,
13029.0,5469.0
4804.0,
12732.36,
4914.46,
12645.06,
17996.36,
7259.68,8851.0
4878.0,10341.0
4080.38,5397.0
8999.11,
4178.47,
14171.22,
5393.01,
13180.07,
14455.52,8032.0
9336.13,
3859.62,
10263.06,
12077.59,
8441.31,
5835.53,
8761.98,
3927.75,
11680.785,
14774.7,8578.0
7543.98,
8478.5,6297.0
5536.6625,8534.0
7286.739166666666,
15212.0,
5456.82,
3779.95,
19369.45,
6520.89,
12872.98,
11068.67,
10262.0,
12852.66,
12365.01,
10430.05,
12861.64,
9677.25,
10419.26880952381,
5555.45,
4333.953333333333,
12291.125000000002,
8597.73,
4277.84,
9287.77,
16381.09,
11265.307833333332,
3610.32,
4402.51,6297.0
10287.03,
20699.846666666668,
10432.88,3815.0
10965.67,
5637.67,
12773.57,
7527.38,
12929.08,
7425.84,2470.0
3841.96,
4315.72,6300.0
6778.41,
6905.76,
9512.93,
12673.95,
4815.75,6297.0
13339.7,
12345.15,
16611.24,
4665.0,3175.0
15625.61,9134.0
5152.6,
13008.79,
8707.941666666668,
6100.54,
10310.87,
4846.81,6987.0
14978.16,
8541.76,
10262.0,6297.0
10122.9,
14343.61,
11000.08,
9961.65,
10291.51,
11995.64,
15452.42,
12889.05,
14825.58,
13042.14,
14741.3,
6641.15,
12451.39,
12360.77,
10196.23,
6085.08,10406.0
4804.0,
4817.1,
10381.65,
10958.97,
9960.21,
13277.14,
3850.64,
14886.335,
4826.34,
7446.32,
9495.83,
15062.83,2759.0
2767.06,
3957.28,5678.0
7351.99,
7781.84,
4236.59,
2042.4,
3884.51,
10262.0,9134.0
9627.68,
14299.83,
4741.01,
13490.275,
9967.69,
13334.39,
4926.17,
13357.76,
4168.6,
12606.75,4441.0
3811.35,
13623.87,
13228.09,3807.0
3610.87,
6820.62,
7589.44,
6705.02,
9281.34,
3854.36,
6557.05,
10262.0,
12693.34,
6760.12,4384.0
7300.87,
13600.25,
12774.0,
13788.42,
5678.0,
4902.15,
5533.15,
5458.03,
8364.29,13555.0
11087.0,4441.0
8073.54,3342.0
15096.36,
14027.1,
9411.66,
4580.72480952381,
15129.0,
7606.68,
12450.79,
11271.37,
10865.176000000001,
13343.12,12284.0
6491.93,
10793.44,
6226.66,12284.0
8442.85,
5947.13,10835.0
15132.365,
7563.335,
6987.66,4729.0
3887.09,14815.0
4552.8,
5152.67,
10545.45,
11197.89,
4010.84,
3499.0,
8008.13,
16415.62,
